,Time(sec),PID,PNAME,CPU(%),NUM THREADS,MEMORY(MB),MEMORY(%),read_count,write_count,read_bytes,write_bytes
0,0.08238577842712402,0,Total,34.31,8,0.008,0.0,0,0,0,0
1,0.08238577842712402,8692,powershell.exe,12.85,26,131.672,0.82,408,2,2724868,120
2,0.08238577842712402,18244,python.exe,9.57,17,87.598,0.54,1453,3,14682932,492
3,0.08238577842712402,6508,Zoom.exe,3.12,75,359.777,2.23,4232,1577,69880307,214874
4,0.08238577842712402,4988,MsMpEng.exe,1.98,22,183.758,1.14,582415,10110,14291368908,416944383
5,0.08238577842712402,4672,SentinelAgent.exe,1.65,65,389.488,2.42,89646,397417,342653232,3870691503
6,0.08238577842712402,16816,WmiPrvSE.exe,0.42,10,18.469,0.11,1,0,10599,0
7,0.08238577842712402,14816,audiodg.exe,0.40,9,60.359,0.37,4,0,11945,0
8,0.08238577842712402,1392,dwm.exe,0.25,15,121.926,0.76,146258,0,1534672,0
9,0.08238577842712402,17792,chrome.exe,0.00,18,170.555,1.06,17833,19996,12981343,9407914
10,0.08238577842712402,17740,chrome.exe,0.00,18,108.398,0.67,9555,6628,9616530,4019170
11,0.08238577842712402,17540,chrome.exe,0.00,17,51.199,0.32,2915,2853,2554908,2274200
12,0.08238577842712402,17252,chrome.exe,0.00,18,46.844,0.29,3807,433,1803540,162632
13,0.08238577842712402,17208,chrome.exe,0.00,18,82.539,0.51,2315,3069,1389524,3370018
14,0.08238577842712402,16480,CptHost.exe,0.00,9,33.816,0.21,177,0,11550709,0
15,0.08238577842712402,16248,chrome.exe,0.00,18,94.977,0.59,13034,9453,8814619,5415710
16,0.08238577842712402,16140,chrome.exe,0.00,17,59.102,0.37,1018,815,500748,156688
17,0.08238577842712402,16008,chrome.exe,0.00,18,95.039,0.59,29996,33183,10995438,61057466
18,0.08238577842712402,15896,svchost.exe,0.00,5,16.152,0.1,17,17,1828,2456
19,0.08238577842712402,15872,msedge.exe,0.00,8,11.188,0.07,21,15,1424,180
20,0.08238577842712402,15824,svchost.exe,0.00,4,11.750,0.07,1,0,4931,0
21,1.9054510593414307,0,Total,26.44,8,0.008,0.0,0,0,0,0
22,1.9054510593414307,4988,MsMpEng.exe,12.49,22,184.434,1.15,582415,10110,14291368908,416944383
23,1.9054510593414307,18244,python.exe,9.39,17,87.656,0.54,1453,3,14682932,492
24,1.9054510593414307,6508,Zoom.exe,1.56,75,359.781,2.23,4232,1577,69880307,214874
25,1.9054510593414307,17792,chrome.exe,0.00,18,170.555,1.06,17840,20003,12982223,9409074
26,1.9054510593414307,17740,chrome.exe,0.00,18,108.398,0.67,9555,6628,9616530,4019170
27,1.9054510593414307,17540,chrome.exe,0.00,17,51.199,0.32,2915,2853,2554908,2274200
28,1.9054510593414307,17252,chrome.exe,0.00,18,46.844,0.29,3807,433,1803540,162632
29,1.9054510593414307,17208,chrome.exe,0.00,18,82.539,0.51,2315,3069,1389524,3370018
30,1.9054510593414307,16816,WmiPrvSE.exe,0.00,10,18.469,0.11,1,0,10599,0
31,1.9054510593414307,16480,CptHost.exe,0.00,9,33.816,0.21,177,0,11550709,0
32,1.9054510593414307,16248,chrome.exe,0.00,18,94.977,0.59,13034,9453,8814619,5415710
33,1.9054510593414307,16140,chrome.exe,0.00,17,59.102,0.37,1018,815,500748,156688
34,1.9054510593414307,16008,chrome.exe,0.00,18,95.039,0.59,29996,33183,10995438,61057466
35,1.9054510593414307,15896,svchost.exe,0.00,5,16.152,0.1,17,17,1828,2456
36,1.9054510593414307,15872,msedge.exe,0.00,8,11.188,0.07,21,15,1424,180
37,1.9054510593414307,15824,svchost.exe,0.00,4,11.750,0.07,1,0,4931,0
38,1.9054510593414307,15712,chrome.exe,0.00,22,118.363,0.73,11005,7883,11235172,3991732
39,1.9054510593414307,15688,chrome.exe,0.00,20,137.117,0.85,9178,13164,4728611,6792393
40,1.9054510593414307,15640,svchost.exe,0.00,2,11.645,0.07,0,0,0,0
41,1.9054510593414307,15496,chrome.exe,0.00,18,78.840,0.49,8396,9707,3235191,7696773
42,3.5943729877471924,0,Total,33.51,8,0.008,0.0,0,0,0,0
43,3.5943729877471924,4988,MsMpEng.exe,12.50,22,186.848,1.16,582908,10110,14298285628,416944383
44,3.5943729877471924,18244,python.exe,9.36,17,87.754,0.54,1453,3,14682932,492
45,3.5943729877471924,6508,Zoom.exe,3.04,76,359.805,2.23,4232,1578,69880307,214952
46,3.5943729877471924,4,System,0.94,265,13.520,0.08,1506,8418,229455803,562000943
47,3.5943729877471924,1392,dwm.exe,0.76,15,112.395,0.7,146258,0,1534672,0
48,3.5943729877471924,1156,dptf_helper.exe,0.50,5,7.953,0.05,1,220,0,216611
49,3.5943729877471924,14816,audiodg.exe,0.42,9,60.359,0.37,4,0,11945,0
50,3.5943729877471924,13512,svchost.exe,0.42,13,35.664,0.22,947,0,3882202,0
51,3.5943729877471924,8692,powershell.exe,0.39,25,131.910,0.82,408,2,2724868,120
52,3.5943729877471924,2764,svchost.exe,0.30,9,11.090,0.07,0,0,0,0
53,3.5943729877471924,17792,chrome.exe,0.00,18,170.555,1.06,17840,20003,12982223,9409074
54,3.5943729877471924,17740,chrome.exe,0.00,18,108.398,0.67,9555,6628,9616530,4019170
55,3.5943729877471924,17540,chrome.exe,0.00,17,51.199,0.32,2915,2853,2554908,2274200
56,3.5943729877471924,17252,chrome.exe,0.00,18,46.844,0.29,3807,433,1803540,162632
57,3.5943729877471924,17208,chrome.exe,0.00,18,82.539,0.51,2315,3069,1389524,3370018
58,3.5943729877471924,16816,WmiPrvSE.exe,0.00,10,18.473,0.11,1,0,10599,0
59,3.5943729877471924,16480,CptHost.exe,0.00,9,33.816,0.21,177,0,11550709,0
60,3.5943729877471924,16248,chrome.exe,0.00,18,94.977,0.59,13034,9453,8814619,5415710
61,3.5943729877471924,16140,chrome.exe,0.00,17,59.102,0.37,1018,815,500748,156688
62,3.5943729877471924,16008,chrome.exe,0.00,18,95.035,0.59,29996,33183,10995438,61057466
63,5.384236097335815,0,Total,27.09,8,0.008,0.0,0,0,0,0
64,5.384236097335815,4988,MsMpEng.exe,11.79,22,187.945,1.17,583239,10111,14306102565,416944472
65,5.384236097335815,18244,python.exe,9.46,17,87.875,0.55,1453,3,14682932,492
66,5.384236097335815,14988,conhost.exe,0.42,2,17.953,0.11,0,0,0,0
67,5.384236097335815,8692,powershell.exe,0.38,25,131.926,0.82,408,2,2724868,120
68,5.384236097335815,660,lsass.exe,0.25,9,23.207,0.14,6529,3672,546254,630666
69,5.384236097335815,17792,chrome.exe,0.00,18,170.547,1.06,17840,20003,12982223,9409074
70,5.384236097335815,17740,chrome.exe,0.00,17,108.383,0.67,9555,6628,9616530,4019170
71,5.384236097335815,17540,chrome.exe,0.00,16,51.184,0.32,2915,2853,2554908,2274200
72,5.384236097335815,17252,chrome.exe,0.00,17,46.828,0.29,3807,433,1803540,162632
73,5.384236097335815,17208,chrome.exe,0.00,17,82.523,0.51,2315,3069,1389524,3370018
74,5.384236097335815,16816,WmiPrvSE.exe,0.00,10,18.473,0.11,1,0,10599,0
75,5.384236097335815,16480,CptHost.exe,0.00,9,33.816,0.21,177,0,11550709,0
76,5.384236097335815,16248,chrome.exe,0.00,17,94.961,0.59,13034,9453,8814619,5415710
77,5.384236097335815,16140,chrome.exe,0.00,16,59.086,0.37,1018,815,500748,156688
78,5.384236097335815,16008,chrome.exe,0.00,17,95.020,0.59,29996,33183,10995438,61057466
79,5.384236097335815,15896,svchost.exe,0.00,5,16.152,0.1,17,17,1828,2456
80,5.384236097335815,15872,msedge.exe,0.00,8,11.188,0.07,21,15,1424,180
81,5.384236097335815,15824,svchost.exe,0.00,4,11.750,0.07,1,0,4931,0
82,5.384236097335815,15712,chrome.exe,0.00,21,118.348,0.73,11005,7883,11235172,3991732
83,5.384236097335815,15688,chrome.exe,0.00,20,137.117,0.85,9178,13164,4728611,6792393
84,7.150065660476685,0,Total,27.76,8,0.008,0.0,0,0,0,0
85,7.150065660476685,4988,MsMpEng.exe,12.53,22,187.961,1.17,583579,10111,14315382261,416944472
86,7.150065660476685,18244,python.exe,9.57,17,88.152,0.55,1453,3,14682932,492
87,7.150065660476685,6508,Zoom.exe,0.74,76,359.809,2.23,4232,1579,69880307,215030
88,7.150065660476685,4672,SentinelAgent.exe,0.68,65,390.527,2.42,89646,397563,342653232,3871441692
89,7.150065660476685,14816,audiodg.exe,0.41,9,60.359,0.37,4,0,11945,0
90,7.150065660476685,13512,svchost.exe,0.40,13,35.434,0.22,947,0,3882202,0
91,7.150065660476685,17792,chrome.exe,0.00,18,170.547,1.06,17840,20003,12982223,9409074
92,7.150065660476685,17740,chrome.exe,0.00,17,108.383,0.67,9555,6628,9616530,4019170
93,7.150065660476685,17540,chrome.exe,0.00,16,51.184,0.32,2915,2853,2554908,2274200
94,7.150065660476685,17252,chrome.exe,0.00,17,46.828,0.29,3807,433,1803540,162632
95,7.150065660476685,17208,chrome.exe,0.00,17,82.523,0.51,2315,3069,1389524,3370018
96,7.150065660476685,16816,WmiPrvSE.exe,0.00,10,18.477,0.11,1,0,10599,0
97,7.150065660476685,16480,CptHost.exe,0.00,9,33.816,0.21,177,0,11550709,0
98,7.150065660476685,16248,chrome.exe,0.00,17,94.961,0.59,13034,9453,8814619,5415710
99,7.150065660476685,16140,chrome.exe,0.00,16,59.086,0.37,1018,815,500748,156688
100,7.150065660476685,16008,chrome.exe,0.00,17,95.020,0.59,29996,33183,10995438,61057466
101,7.150065660476685,15896,svchost.exe,0.00,5,16.152,0.1,17,17,1828,2456
102,7.150065660476685,15872,msedge.exe,0.00,8,11.188,0.07,21,15,1424,180
103,7.150065660476685,15824,svchost.exe,0.00,4,11.750,0.07,1,0,4931,0
104,7.150065660476685,15712,chrome.exe,0.00,21,118.348,0.73,11005,7883,11235172,3991732
105,8.909741640090942,0,Total,34.61,8,0.008,0.0,0,0,0,0
106,8.909741640090942,4988,MsMpEng.exe,12.49,22,187.988,1.17,583579,10111,14315382261,416944472
107,8.909741640090942,18244,python.exe,9.39,17,88.359,0.55,1453,3,14682932,492
108,8.909741640090942,4672,SentinelAgent.exe,3.71,65,390.688,2.43,89650,397577,342653754,3871559259
109,8.909741640090942,6508,Zoom.exe,2.65,76,359.816,2.23,4232,1586,69880307,215204
110,8.909741640090942,4468,svchost.exe,0.99,17,24.199,0.15,10073,3143,82246028,26038980
111,8.909741640090942,2804,svchost.exe,0.88,10,10.910,0.07,22,0,9064,0
112,8.909741640090942,13512,svchost.exe,0.42,12,35.926,0.22,947,0,3882202,0
113,8.909741640090942,10096,chrome.exe,0.40,15,452.223,2.81,1305694,1265984,1487398228,493993156
114,8.909741640090942,8692,powershell.exe,0.39,25,131.969,0.82,408,2,2724868,120
115,8.909741640090942,1892,msedge.exe,0.28,35,95.266,0.59,18751,15108,36349687,57607758
116,8.909741640090942,1392,dwm.exe,0.25,15,112.395,0.7,146258,0,1534672,0
117,8.909741640090942,1248,svchost.exe,0.25,13,18.961,0.12,67,0,34304,0
118,8.909741640090942,1156,dptf_helper.exe,0.25,5,7.953,0.05,1,220,0,216611
119,8.909741640090942,4,System,0.24,265,13.520,0.08,1506,8421,229455803,562013231
120,8.909741640090942,17792,chrome.exe,0.00,18,170.547,1.06,17847,20010,12983103,9410234
121,8.909741640090942,17740,chrome.exe,0.00,17,108.383,0.67,9555,6628,9616530,4019170
122,8.909741640090942,17540,chrome.exe,0.00,16,51.184,0.32,2915,2853,2554908,2274200
123,8.909741640090942,17252,chrome.exe,0.00,17,46.828,0.29,3807,433,1803540,162632
124,8.909741640090942,17208,chrome.exe,0.00,17,82.523,0.51,2315,3069,1389524,3370018
125,8.909741640090942,16816,WmiPrvSE.exe,0.00,10,18.477,0.11,1,0,10599,0
126,10.69135856628418,0,Total,31.03,8,0.008,0.0,0,0,0,0
127,10.69135856628418,4988,MsMpEng.exe,9.56,22,188.270,1.17,583755,10112,14323025355,416944561
128,10.69135856628418,18244,python.exe,9.36,17,88.641,0.55,1453,3,14682932,492
129,10.69135856628418,6508,Zoom.exe,1.84,76,359.820,2.23,4232,1592,69880307,215300
130,10.69135856628418,644,services.exe,1.79,12,9.805,0.06,3,229,1140,104152
131,10.69135856628418,14988,conhost.exe,0.84,3,17.977,0.11,0,0,0,0
132,10.69135856628418,8692,powershell.exe,0.76,26,132.375,0.82,408,2,2724868,120
133,10.69135856628418,1392,dwm.exe,0.54,15,112.395,0.7,146258,0,1534672,0
134,10.69135856628418,13512,svchost.exe,0.42,12,35.914,0.22,947,0,3882202,0
135,10.69135856628418,4468,svchost.exe,0.34,17,24.203,0.15,10073,3143,82246028,26038980
136,10.69135856628418,4,System,0.25,265,13.520,0.08,1506,8421,229455803,562013231
137,10.69135856628418,17792,chrome.exe,0.00,18,170.547,1.06,17847,20010,12983103,9410234
138,10.69135856628418,17740,chrome.exe,0.00,17,108.383,0.67,9555,6628,9616530,4019170
139,10.69135856628418,17540,chrome.exe,0.00,16,51.184,0.32,2915,2853,2554908,2274200
140,10.69135856628418,17252,chrome.exe,0.00,17,46.828,0.29,3807,433,1803540,162632
141,10.69135856628418,17208,chrome.exe,0.00,17,82.523,0.51,2315,3069,1389524,3370018
142,10.69135856628418,16816,WmiPrvSE.exe,0.00,10,18.492,0.11,1,0,10599,0
143,10.69135856628418,16480,CptHost.exe,0.00,9,33.816,0.21,177,0,11550709,0
144,10.69135856628418,16248,chrome.exe,0.00,17,94.961,0.59,13034,9453,8814619,5415710
145,10.69135856628418,16140,chrome.exe,0.00,16,59.086,0.37,1018,815,500748,156688
146,10.69135856628418,16008,chrome.exe,0.00,17,95.020,0.59,29996,33183,10995438,61057466
147,12.42991328239441,0,Total,32.47,8,0.008,0.0,0,0,0,0
148,12.42991328239441,4988,MsMpEng.exe,12.88,22,188.273,1.17,583830,10112,14323128740,416944561
149,12.42991328239441,18244,python.exe,9.05,17,88.934,0.55,1453,3,14682932,492
150,12.42991328239441,6508,Zoom.exe,4.16,76,359.824,2.23,4232,1596,69880307,215426
151,12.42991328239441,14988,conhost.exe,0.84,3,17.977,0.11,0,0,0,0
152,12.42991328239441,4,System,0.49,265,13.520,0.08,1506,8421,229455803,562013231
153,12.42991328239441,14816,audiodg.exe,0.41,9,60.359,0.37,4,0,11945,0
154,12.42991328239441,11020,pycharm64.exe,0.40,114,1786.133,11.09,315472,33153,1172517772,868507364
155,12.42991328239441,7572,explorer.exe,0.38,82,197.352,1.23,56370,668,86348524,685305
156,12.42991328239441,7496,ctfmon.exe,0.38,12,23.859,0.15,25,0,32606,0
157,12.42991328239441,1392,dwm.exe,0.26,15,112.801,0.7,146258,0,1534672,0
158,12.42991328239441,976,csrss.exe,0.25,14,4.867,0.03,277878,0,7321422,0
159,12.42991328239441,17792,chrome.exe,0.00,18,170.570,1.06,17871,20039,12990167,9420802
160,12.42991328239441,17740,chrome.exe,0.00,17,108.383,0.67,9555,6628,9616530,4019170
161,12.42991328239441,17540,chrome.exe,0.00,16,51.184,0.32,2915,2853,2554908,2274200
162,12.42991328239441,17252,chrome.exe,0.00,17,46.828,0.29,3807,433,1803540,162632
163,12.42991328239441,17208,chrome.exe,0.00,17,82.523,0.51,2315,3069,1389524,3370018
164,12.42991328239441,16816,WmiPrvSE.exe,0.00,10,18.605,0.12,1,0,10599,0
165,12.42991328239441,16480,CptHost.exe,0.00,9,33.816,0.21,177,0,11550709,0
166,12.42991328239441,16248,chrome.exe,0.00,17,94.961,0.59,13034,9453,8814619,5415710
167,12.42991328239441,16140,chrome.exe,0.00,16,59.086,0.37,1018,815,500748,156688
168,14.370604753494263,0,Total,33.83,8,0.008,0.0,0,0,0,0
169,14.370604753494263,4988,MsMpEng.exe,12.07,22,188.344,1.17,584059,10113,14338071460,416977487
170,14.370604753494263,18244,python.exe,10.64,17,88.953,0.55,1453,3,14682932,492
171,14.370604753494263,6508,Zoom.exe,2.62,75,360.051,2.24,4232,1601,69880307,215568
172,14.370604753494263,13512,svchost.exe,1.02,12,35.539,0.22,947,0,3882202,0
173,14.370604753494263,8692,powershell.exe,0.69,25,167.898,1.04,408,2,2724868,120
174,14.370604753494263,1392,dwm.exe,0.59,15,115.914,0.72,146258,0,1534672,0
175,14.370604753494263,4,System,0.54,265,13.520,0.08,1506,8422,229455803,562017327
176,14.370604753494263,14816,audiodg.exe,0.53,9,60.359,0.37,4,0,11945,0
177,14.370604753494263,11020,pycharm64.exe,0.25,133,1787.055,11.1,315475,33155,1172518041,868517284
178,14.370604753494263,1940,svchost.exe,0.15,3,6.070,0.04,0,0,0,0
179,14.370604753494263,17792,chrome.exe,0.00,18,170.598,1.06,17904,20076,12996111,9432018
180,14.370604753494263,17740,chrome.exe,0.00,17,108.383,0.67,9555,6628,9616530,4019170
181,14.370604753494263,17540,chrome.exe,0.00,16,51.184,0.32,2915,2853,2554908,2274200
182,14.370604753494263,17252,chrome.exe,0.00,17,46.828,0.29,3807,433,1803540,162632
183,14.370604753494263,17208,chrome.exe,0.00,17,82.449,0.51,2315,3069,1389524,3370018
184,14.370604753494263,16816,WmiPrvSE.exe,0.00,10,18.605,0.12,1,0,10599,0
185,14.370604753494263,16480,CptHost.exe,0.00,9,33.816,0.21,177,0,11550709,0
186,14.370604753494263,16248,chrome.exe,0.00,17,94.961,0.59,13034,9453,8814619,5415710
187,14.370604753494263,16140,chrome.exe,0.00,16,59.086,0.37,1018,815,500748,156688
188,14.370604753494263,16008,chrome.exe,0.00,17,95.020,0.59,29996,33183,10995438,61057466
189,17.244728088378906,0,Total,32.62,8,0.008,0.0,0,0,0,0
190,17.244728088378906,4988,MsMpEng.exe,12.50,22,188.645,1.17,584193,10658,14341541200,420061775
191,17.244728088378906,18244,python.exe,9.49,17,88.973,0.55,1453,3,14682932,492
192,17.244728088378906,6508,Zoom.exe,2.65,76,360.059,2.24,4232,1601,69880307,215568
193,17.244728088378906,11020,pycharm64.exe,1.66,133,1787.055,11.1,315484,33158,1172518905,868532023
194,17.244728088378906,13512,svchost.exe,1.29,12,35.656,0.22,947,0,3882202,0
195,17.244728088378906,4672,SentinelAgent.exe,1.07,67,391.414,2.43,89650,397656,342653754,3871937856
196,17.244728088378906,1392,dwm.exe,0.65,15,115.910,0.72,146258,0,1534672,0
197,17.244728088378906,10532,ApplicationFrameHost.exe,0.41,3,31.438,0.2,9,0,21889,0
198,17.244728088378906,8692,powershell.exe,0.39,25,167.898,1.04,408,2,2724868,120
199,17.244728088378906,6952,svchost.exe,0.38,7,9.312,0.06,0,0,0,0
200,17.244728088378906,1248,svchost.exe,0.20,13,19.000,0.12,67,0,34304,0
201,17.244728088378906,4,System,0.19,265,13.520,0.08,1506,8424,229455803,562025519
202,17.244728088378906,17792,chrome.exe,0.00,18,170.598,1.06,17905,20077,12996679,9432786
203,17.244728088378906,17740,chrome.exe,0.00,17,108.383,0.67,9555,6628,9616530,4019170
204,17.244728088378906,17540,chrome.exe,0.00,16,51.184,0.32,2915,2853,2554908,2274200
205,17.244728088378906,17252,chrome.exe,0.00,17,46.828,0.29,3807,433,1803540,162632
206,17.244728088378906,17208,chrome.exe,0.00,17,82.449,0.51,2315,3069,1389524,3370018
207,17.244728088378906,16816,WmiPrvSE.exe,0.00,10,18.605,0.12,1,0,10599,0
208,17.244728088378906,16480,CptHost.exe,0.00,9,33.816,0.21,177,0,11550709,0
209,17.244728088378906,16248,chrome.exe,0.00,17,94.961,0.59,13034,9453,8814619,5415710
210,19.285991430282593,0,Total,29.30,8,0.008,0.0,0,0,0,0
211,19.285991430282593,4988,MsMpEng.exe,11.40,21,188.617,1.17,584460,10658,14341851938,420061775
212,19.285991430282593,18244,python.exe,9.36,17,88.984,0.55,1453,3,14682932,492
213,19.285991430282593,6508,Zoom.exe,2.27,76,360.066,2.24,4232,1602,69880307,215646
214,19.285991430282593,4672,SentinelAgent.exe,1.07,67,391.664,2.43,89650,397706,342653754,3872135087
215,19.285991430282593,4,System,0.53,265,13.520,0.08,1506,8428,229455803,562041903
216,19.285991430282593,14988,conhost.exe,0.42,3,17.977,0.11,0,0,0,0
217,19.285991430282593,1392,dwm.exe,0.28,15,114.309,0.71,146258,0,1534672,0
218,19.285991430282593,17792,chrome.exe,0.00,18,170.598,1.06,17905,20077,12996679,9432786
219,19.285991430282593,17740,chrome.exe,0.00,17,108.383,0.67,9555,6628,9616530,4019170
220,19.285991430282593,17540,chrome.exe,0.00,16,51.184,0.32,2915,2853,2554908,2274200
221,19.285991430282593,17252,chrome.exe,0.00,17,46.828,0.29,3807,433,1803540,162632
222,19.285991430282593,17208,chrome.exe,0.00,17,82.449,0.51,2315,3069,1389524,3370018
223,19.285991430282593,16816,WmiPrvSE.exe,0.00,10,18.609,0.12,1,0,10599,0
224,19.285991430282593,16480,CptHost.exe,0.00,9,33.816,0.21,177,0,11550709,0
225,19.285991430282593,16248,chrome.exe,0.00,17,94.961,0.59,13034,9453,8814619,5415710
226,19.285991430282593,16140,chrome.exe,0.00,16,59.086,0.37,1018,815,500748,156688
227,19.285991430282593,16008,chrome.exe,0.00,17,95.020,0.59,29996,33183,10995438,61057466
228,19.285991430282593,15896,svchost.exe,0.00,5,16.152,0.1,17,17,1828,2456
229,19.285991430282593,15872,msedge.exe,0.00,8,11.188,0.07,21,15,1424,180
230,19.285991430282593,15824,svchost.exe,0.00,4,11.750,0.07,1,0,4931,0
231,20.986470699310303,0,Total,30.85,8,0.008,0.0,0,0,0,0
232,20.986470699310303,4988,MsMpEng.exe,12.50,21,188.617,1.17,593080,10658,14341920898,420061775
233,20.986470699310303,18244,python.exe,9.36,17,89.000,0.55,1453,3,14682932,492
234,20.986470699310303,4,System,2.30,265,13.520,0.08,1506,8428,229455803,562041903
235,20.986470699310303,6508,Zoom.exe,1.84,76,360.070,2.24,4232,1602,69880307,215646
236,20.986470699310303,13512,svchost.exe,1.29,12,35.645,0.22,947,0,3882202,0
237,20.986470699310303,1392,dwm.exe,0.80,15,114.309,0.71,146258,0,1534672,0
238,20.986470699310303,14816,audiodg.exe,0.42,9,60.359,0.37,4,0,11945,0
239,20.986470699310303,14988,conhost.exe,0.41,3,17.977,0.11,0,0,0,0
240,20.986470699310303,17792,chrome.exe,0.00,18,170.602,1.06,17913,20085,12998127,9434714
241,20.986470699310303,17740,chrome.exe,0.00,17,108.383,0.67,9555,6628,9616530,4019170
242,20.986470699310303,17540,chrome.exe,0.00,16,51.184,0.32,2915,2853,2554908,2274200
243,20.986470699310303,17252,chrome.exe,0.00,17,46.828,0.29,3807,433,1803540,162632
244,20.986470699310303,17208,chrome.exe,0.00,17,82.445,0.51,2315,3069,1389524,3370018
245,20.986470699310303,16816,WmiPrvSE.exe,0.00,10,18.609,0.12,1,0,10599,0
246,20.986470699310303,16480,CptHost.exe,0.00,9,33.816,0.21,177,0,11550709,0
247,20.986470699310303,16248,chrome.exe,0.00,17,94.961,0.59,13034,9453,8814619,5415710
248,20.986470699310303,16140,chrome.exe,0.00,16,59.086,0.37,1018,815,500748,156688
249,20.986470699310303,16008,chrome.exe,0.00,17,95.020,0.59,29996,33183,10995438,61057466
250,20.986470699310303,15896,svchost.exe,0.00,5,16.152,0.1,17,17,1828,2456
251,20.986470699310303,15872,msedge.exe,0.00,8,11.188,0.07,21,15,1424,180
252,22.718017101287842,0,Total,32.03,8,0.008,0.0,0,0,0,0
253,22.718017101287842,4988,MsMpEng.exe,12.14,21,189.602,1.18,603712,10658,14342005954,420061775
254,22.718017101287842,18244,python.exe,9.84,17,89.012,0.55,1453,3,14682932,492
255,22.718017101287842,6508,Zoom.exe,1.89,76,359.871,2.23,4232,1603,69880307,215724
256,22.718017101287842,4,System,1.56,265,13.520,0.08,1506,8428,229455803,562041903
257,22.718017101287842,13512,svchost.exe,1.29,12,35.902,0.22,947,0,3882202,0
258,22.718017101287842,14988,conhost.exe,0.42,3,17.977,0.11,0,0,0,0
259,22.718017101287842,4460,OneApp.IGCC.WinService.exe,0.34,9,47.938,0.3,95,45,329423,32529
260,22.718017101287842,3808,WUDFHost.exe,0.33,10,11.680,0.07,39978,0,4261071,0
261,22.718017101287842,1392,dwm.exe,0.28,15,112.434,0.7,146258,0,1534672,0
262,22.718017101287842,17792,chrome.exe,0.00,18,170.602,1.06,17913,20085,12998127,9434714
263,22.718017101287842,17740,chrome.exe,0.00,17,108.383,0.67,9555,6628,9616530,4019170
264,22.718017101287842,17540,chrome.exe,0.00,16,51.184,0.32,2915,2853,2554908,2274200
265,22.718017101287842,17252,chrome.exe,0.00,17,46.828,0.29,3807,433,1803540,162632
266,22.718017101287842,17208,chrome.exe,0.00,17,82.445,0.51,2315,3069,1389524,3370018
267,22.718017101287842,16816,WmiPrvSE.exe,0.00,10,18.621,0.12,1,0,10599,0
268,22.718017101287842,16480,CptHost.exe,0.00,9,33.816,0.21,177,0,11550709,0
269,22.718017101287842,16248,chrome.exe,0.00,17,94.961,0.59,13034,9453,8814619,5415710
270,22.718017101287842,16140,chrome.exe,0.00,16,59.086,0.37,1018,815,500748,156688
271,22.718017101287842,16008,chrome.exe,0.00,17,95.020,0.59,29996,33183,10995438,61057466
272,22.718017101287842,15896,svchost.exe,0.00,5,16.152,0.1,17,17,1828,2456
273,24.443089485168457,0,Total,28.76,8,0.008,0.0,0,0,0,0
274,24.443089485168457,4988,MsMpEng.exe,12.14,20,189.578,1.18,613988,10658,14342088162,420061775
275,24.443089485168457,18244,python.exe,9.36,17,89.020,0.55,1453,3,14682932,492
276,24.443089485168457,6508,Zoom.exe,3.79,76,359.879,2.23,4232,1604,69880307,215802
277,24.443089485168457,14816,audiodg.exe,0.86,9,60.359,0.37,4,0,11945,0
278,24.443089485168457,13512,svchost.exe,0.86,16,35.664,0.22,947,0,3882202,0
279,24.443089485168457,8692,powershell.exe,0.39,19,167.680,1.04,408,2,2724868,120
280,24.443089485168457,4468,svchost.exe,0.34,21,24.309,0.15,10073,3143,82246028,26038980
281,24.443089485168457,1392,dwm.exe,0.28,15,112.434,0.7,146258,0,1534672,0
282,24.443089485168457,17792,chrome.exe,0.00,18,170.602,1.06,17914,20086,12998695,9435482
283,24.443089485168457,17740,chrome.exe,0.00,17,108.383,0.67,9555,6628,9616530,4019170
284,24.443089485168457,17540,chrome.exe,0.00,16,51.184,0.32,2915,2853,2554908,2274200
285,24.443089485168457,17252,chrome.exe,0.00,17,46.828,0.29,3807,433,1803540,162632
286,24.443089485168457,17208,chrome.exe,0.00,17,82.445,0.51,2315,3069,1389524,3370018
287,24.443089485168457,16816,WmiPrvSE.exe,0.00,10,18.625,0.12,1,0,10599,0
288,24.443089485168457,16480,CptHost.exe,0.00,9,33.816,0.21,177,0,11550709,0
289,24.443089485168457,16248,chrome.exe,0.00,17,94.961,0.59,13034,9453,8814619,5415710
290,24.443089485168457,16140,chrome.exe,0.00,16,59.086,0.37,1018,815,500748,156688
291,24.443089485168457,16008,chrome.exe,0.00,17,95.020,0.59,29996,33183,10995438,61057466
292,24.443089485168457,15896,svchost.exe,0.00,5,16.152,0.1,17,17,1828,2456
293,24.443089485168457,15872,msedge.exe,0.00,8,11.188,0.07,21,15,1424,180
294,26.15751004219055,0,Total,29.97,8,0.008,0.0,0,0,0,0
295,26.15751004219055,4988,MsMpEng.exe,12.50,20,189.547,1.18,625045,10658,14342176618,420061775
296,26.15751004219055,18244,python.exe,8.91,17,89.023,0.55,1453,3,14682932,492
297,26.15751004219055,6508,Zoom.exe,2.27,76,359.879,2.23,4232,1606,69880307,215834
298,26.15751004219055,13512,svchost.exe,1.73,16,35.910,0.22,947,0,3882202,0
299,26.15751004219055,8692,powershell.exe,0.38,19,167.680,1.04,408,2,2724868,120
300,26.15751004219055,7716,chrome.exe,0.38,27,338.918,2.1,2282457,2400179,3297369345,2485185045
301,26.15751004219055,7508,chrome.exe,0.38,15,67.066,0.42,945078,1467176,404033766,1188672873
302,26.15751004219055,4672,SentinelAgent.exe,0.36,67,391.930,2.43,89672,397783,342683898,3872340428
303,26.15751004219055,4,System,0.25,265,13.520,0.08,1506,8428,229455803,562041903
304,26.15751004219055,17792,chrome.exe,0.00,18,170.602,1.06,17920,20093,12999575,9436642
305,26.15751004219055,17740,chrome.exe,0.00,17,108.379,0.67,9555,6628,9616530,4019170
306,26.15751004219055,17540,chrome.exe,0.00,16,51.184,0.32,2915,2853,2554908,2274200
307,26.15751004219055,17252,chrome.exe,0.00,17,46.828,0.29,3807,433,1803540,162632
308,26.15751004219055,17208,chrome.exe,0.00,17,82.324,0.51,2315,3069,1389524,3370018
309,26.15751004219055,16816,WmiPrvSE.exe,0.00,10,18.633,0.12,1,0,10599,0
310,26.15751004219055,16480,CptHost.exe,0.00,9,33.816,0.21,177,0,11550709,0
311,26.15751004219055,16248,chrome.exe,0.00,17,94.961,0.59,13034,9453,8814619,5415710
312,26.15751004219055,16140,chrome.exe,0.00,16,59.086,0.37,1018,815,500748,156688
313,26.15751004219055,16008,chrome.exe,0.00,17,95.020,0.59,29996,33183,10995438,61057466
314,26.15751004219055,15896,svchost.exe,0.00,5,16.152,0.1,17,17,1828,2456
315,27.889748096466064,0,Total,29.90,8,0.008,0.0,0,0,0,0
316,27.889748096466064,4988,MsMpEng.exe,11.76,20,190.984,1.19,636404,10658,14342267490,420061775
317,27.889748096466064,18244,python.exe,9.72,17,89.027,0.55,1453,3,14682932,492
318,27.889748096466064,6508,Zoom.exe,3.12,76,359.883,2.23,4232,1611,69880307,215976
319,27.889748096466064,14816,audiodg.exe,0.90,9,60.359,0.37,4,0,11945,0
320,27.889748096466064,13512,svchost.exe,0.90,16,35.984,0.22,947,0,3882202,0
321,27.889748096466064,1392,dwm.exe,0.54,15,112.434,0.7,146258,0,1534672,0
322,27.889748096466064,4,System,0.51,265,13.520,0.08,1506,8428,229455803,562041903
323,27.889748096466064,4672,SentinelAgent.exe,0.36,65,391.875,2.43,89672,397823,342683898,3872418091
324,27.889748096466064,976,csrss.exe,0.26,14,4.867,0.03,278074,0,7326126,0
325,27.889748096466064,17792,chrome.exe,0.00,18,170.621,1.06,17942,20122,13005951,9446770
326,27.889748096466064,17740,chrome.exe,0.00,17,108.379,0.67,9555,6628,9616530,4019170
327,27.889748096466064,17540,chrome.exe,0.00,16,51.184,0.32,2915,2853,2554908,2274200
328,27.889748096466064,17252,chrome.exe,0.00,17,46.828,0.29,3807,433,1803540,162632
329,27.889748096466064,17208,chrome.exe,0.00,17,82.320,0.51,2315,3069,1389524,3370018
330,27.889748096466064,16816,WmiPrvSE.exe,0.00,10,18.641,0.12,1,0,10599,0
331,27.889748096466064,16480,CptHost.exe,0.00,9,33.816,0.21,177,0,11550709,0
332,27.889748096466064,16248,chrome.exe,0.00,17,94.961,0.59,13034,9453,8814619,5415710
333,27.889748096466064,16140,chrome.exe,0.00,16,59.086,0.37,1018,815,500748,156688
334,27.889748096466064,16008,chrome.exe,0.00,17,95.020,0.59,29996,33183,10995438,61057466
335,27.889748096466064,15896,svchost.exe,0.00,5,16.152,0.1,17,17,1828,2456
336,29.613505363464355,0,Total,31.86,8,0.008,0.0,0,0,0,0
337,29.613505363464355,4988,MsMpEng.exe,12.51,20,166.492,1.03,639936,10658,14342295746,420061775
338,29.613505363464355,18244,python.exe,9.11,17,89.168,0.55,1453,3,14682932,492
339,29.613505363464355,6508,Zoom.exe,3.01,75,359.875,2.23,4232,1611,69880307,215976
340,29.613505363464355,4,System,1.09,265,13.520,0.08,1506,8430,229455803,562304047
341,29.613505363464355,14816,audiodg.exe,0.96,9,60.359,0.37,4,0,11945,0
342,29.613505363464355,13512,svchost.exe,0.47,16,35.984,0.22,947,0,3882202,0
343,29.613505363464355,8692,powershell.exe,0.45,15,167.234,1.04,408,2,2724868,120
344,29.613505363464355,4468,svchost.exe,0.38,21,24.328,0.15,10073,3143,82246028,26038980
345,29.613505363464355,3444,svchost.exe,0.35,13,21.793,0.14,2,3,232,33088
346,29.613505363464355,1392,dwm.exe,0.30,15,112.434,0.7,146258,0,1534672,0
347,29.613505363464355,17792,chrome.exe,0.00,18,170.621,1.06,17942,20123,13005951,9446914
348,29.613505363464355,17740,chrome.exe,0.00,17,108.379,0.67,9555,6628,9616530,4019170
349,29.613505363464355,17540,chrome.exe,0.00,16,51.184,0.32,2915,2853,2554908,2274200
350,29.613505363464355,17252,chrome.exe,0.00,17,46.828,0.29,3807,433,1803540,162632
351,29.613505363464355,17208,chrome.exe,0.00,17,82.320,0.51,2315,3069,1389524,3370018
352,29.613505363464355,16816,WmiPrvSE.exe,0.00,10,18.641,0.12,1,0,10599,0
353,29.613505363464355,16480,CptHost.exe,0.00,9,33.816,0.21,177,0,11550709,0
354,29.613505363464355,16248,chrome.exe,0.00,17,94.961,0.59,13034,9453,8814619,5415710
355,29.613505363464355,16140,chrome.exe,0.00,16,59.086,0.37,1018,815,500748,156688
356,29.613505363464355,16008,chrome.exe,0.00,17,95.020,0.59,29996,33183,10995438,61057466
357,31.24873685836792,0,Total,28.67,8,0.008,0.0,0,0,0,0
358,31.24873685836792,4988,MsMpEng.exe,12.11,20,173.652,1.08,639963,10658,14342362365,420061775
359,31.24873685836792,18244,python.exe,9.39,17,89.234,0.55,1453,3,14682932,492
360,31.24873685836792,6508,Zoom.exe,3.51,76,359.895,2.23,4232,1614,69880307,216086
361,31.24873685836792,1392,dwm.exe,0.54,15,112.434,0.7,146258,0,1534672,0
362,31.24873685836792,14988,conhost.exe,0.45,3,17.977,0.11,0,0,0,0
363,31.24873685836792,14816,audiodg.exe,0.42,9,60.359,0.37,4,0,11945,0
364,31.24873685836792,13512,svchost.exe,0.42,16,35.094,0.22,947,0,3882202,0
365,31.24873685836792,1620,svchost.exe,0.28,17,24.148,0.15,87,606,2802595,23085850
366,31.24873685836792,976,csrss.exe,0.26,14,4.867,0.03,278074,0,7326126,0
367,31.24873685836792,4,System,0.25,265,13.520,0.08,1506,8433,229455803,562316335
368,31.24873685836792,17792,chrome.exe,0.00,18,170.621,1.06,17942,20123,13005951,9446914
369,31.24873685836792,17740,chrome.exe,0.00,17,108.379,0.67,9555,6628,9616530,4019170
370,31.24873685836792,17540,chrome.exe,0.00,16,51.184,0.32,2915,2853,2554908,2274200
371,31.24873685836792,17252,chrome.exe,0.00,17,46.828,0.29,3807,433,1803540,162632
372,31.24873685836792,17208,chrome.exe,0.00,17,82.320,0.51,2315,3069,1389524,3370018
373,31.24873685836792,16816,WmiPrvSE.exe,0.00,10,18.641,0.12,1,0,10599,0
374,31.24873685836792,16480,CptHost.exe,0.00,9,33.816,0.21,177,0,11550709,0
375,31.24873685836792,16248,chrome.exe,0.00,17,94.961,0.59,13034,9453,8814619,5415710
376,31.24873685836792,16140,chrome.exe,0.00,16,59.086,0.37,1018,815,500748,156688
377,31.24873685836792,16008,chrome.exe,0.00,17,95.020,0.59,29996,33183,10995438,61057466
378,32.98052978515625,0,Total,29.12,8,0.008,0.0,0,0,0,0
379,32.98052978515625,18244,python.exe,8.49,17,89.305,0.55,1453,3,14682932,492
380,32.98052978515625,1356,SearchIndexer.exe,6.39,18,34.922,0.22,3181,2818,5753762,1465656
381,32.98052978515625,4988,MsMpEng.exe,5.15,19,174.301,1.08,639963,10658,14342362365,420061775
382,32.98052978515625,6508,Zoom.exe,3.41,76,359.898,2.23,4232,1614,69880307,216086
383,32.98052978515625,13512,svchost.exe,1.29,16,35.758,0.22,947,0,3882202,0
384,32.98052978515625,4672,SentinelAgent.exe,0.36,65,392.016,2.43,89672,397862,342683898,3872539548
385,32.98052978515625,1392,dwm.exe,0.28,15,112.434,0.7,146258,0,1534672,0
386,32.98052978515625,1248,svchost.exe,0.28,13,18.969,0.12,67,0,34304,0
387,32.98052978515625,4,System,0.26,265,13.520,0.08,1506,8433,229455803,562316335
388,32.98052978515625,17792,chrome.exe,0.00,18,170.621,1.06,17949,20130,13006831,9448074
389,32.98052978515625,17740,chrome.exe,0.00,17,108.379,0.67,9555,6628,9616530,4019170
390,32.98052978515625,17540,chrome.exe,0.00,16,51.184,0.32,2915,2853,2554908,2274200
391,32.98052978515625,17252,chrome.exe,0.00,17,46.828,0.29,3807,433,1803540,162632
392,32.98052978515625,17208,chrome.exe,0.00,17,82.320,0.51,2315,3069,1389524,3370018
393,32.98052978515625,16816,WmiPrvSE.exe,0.00,10,18.641,0.12,1,0,10599,0
394,32.98052978515625,16480,CptHost.exe,0.00,9,33.816,0.21,177,0,11550709,0
395,32.98052978515625,16248,chrome.exe,0.00,17,94.961,0.59,13034,9453,8814619,5415710
396,32.98052978515625,16140,chrome.exe,0.00,16,59.086,0.37,1018,815,500748,156688
397,32.98052978515625,16008,chrome.exe,0.00,17,95.020,0.59,29996,33183,10995438,61057466
398,32.98052978515625,15896,svchost.exe,0.00,5,16.152,0.1,17,17,1828,2456
399,34.69363737106323,0,Total,28.05,8,0.008,0.0,0,0,0,0
400,34.69363737106323,18244,python.exe,9.36,17,89.371,0.55,1453,3,14682932,492
401,34.69363737106323,1356,SearchIndexer.exe,7.88,18,35.355,0.22,3181,2818,5753762,1465656
402,34.69363737106323,4988,MsMpEng.exe,7.36,19,174.301,1.08,639980,10658,14342377784,420061775
403,34.69363737106323,6508,Zoom.exe,1.51,76,359.902,2.23,4232,1615,69880307,216164
404,34.69363737106323,14988,conhost.exe,0.42,3,17.977,0.11,0,0,0,0
405,34.69363737106323,13512,svchost.exe,0.42,15,35.660,0.22,947,0,3882202,0
406,34.69363737106323,1392,dwm.exe,0.28,15,112.434,0.7,146258,0,1534672,0
407,34.69363737106323,1248,svchost.exe,0.26,13,18.996,0.12,67,0,34304,0
408,34.69363737106323,4,System,0.25,265,13.520,0.08,1506,8433,229455803,562316335
409,34.69363737106323,17792,chrome.exe,0.00,18,170.621,1.06,17949,20130,13006831,9448074
410,34.69363737106323,17740,chrome.exe,0.00,17,108.379,0.67,9555,6628,9616530,4019170
411,34.69363737106323,17540,chrome.exe,0.00,16,51.184,0.32,2915,2853,2554908,2274200
412,34.69363737106323,17252,chrome.exe,0.00,17,46.828,0.29,3807,433,1803540,162632
413,34.69363737106323,17208,chrome.exe,0.00,17,82.320,0.51,2315,3069,1389524,3370018
414,34.69363737106323,16816,WmiPrvSE.exe,0.00,10,18.641,0.12,1,0,10599,0
415,34.69363737106323,16480,CptHost.exe,0.00,9,33.816,0.21,177,0,11550709,0
416,34.69363737106323,16248,chrome.exe,0.00,17,94.961,0.59,13034,9453,8814619,5415710
417,34.69363737106323,16140,chrome.exe,0.00,16,59.086,0.37,1018,815,500748,156688
418,34.69363737106323,16008,chrome.exe,0.00,17,95.020,0.59,29996,33183,10995438,61057466
419,34.69363737106323,15896,svchost.exe,0.00,6,16.176,0.1,17,17,1828,2456
420,36.40695118904114,0,Total,29.51,8,0.008,0.0,0,0,0,0
421,36.40695118904114,18244,python.exe,9.05,17,89.375,0.55,1453,3,14682932,492
422,36.40695118904114,1356,SearchIndexer.exe,6.12,18,35.418,0.22,3181,2818,5753762,1465656
423,36.40695118904114,4988,MsMpEng.exe,3.83,19,174.301,1.08,639980,10658,14342377784,420061775
424,36.40695118904114,6508,Zoom.exe,2.58,76,359.910,2.23,4232,1616,69880307,216242
425,36.40695118904114,13512,svchost.exe,1.29,15,35.633,0.22,947,0,3882202,0
426,36.40695118904114,1248,svchost.exe,0.78,13,18.996,0.12,67,0,34304,0
427,36.40695118904114,1392,dwm.exe,0.53,15,112.434,0.7,146258,0,1534672,0
428,36.40695118904114,4,System,0.25,265,13.520,0.08,1506,8433,229455803,562316335
429,36.40695118904114,17792,chrome.exe,0.00,18,170.703,1.06,17972,20158,13012127,9459098
430,36.40695118904114,17740,chrome.exe,0.00,17,108.387,0.67,9555,6628,9616530,4019170
431,36.40695118904114,17540,chrome.exe,0.00,16,51.184,0.32,2931,2869,2570204,2289368
432,36.40695118904114,17252,chrome.exe,0.00,17,46.828,0.29,3807,433,1803540,162632
433,36.40695118904114,17208,chrome.exe,0.00,17,82.320,0.51,2315,3069,1389524,3370018
434,36.40695118904114,16816,WmiPrvSE.exe,0.00,10,18.641,0.12,1,0,10599,0
435,36.40695118904114,16480,CptHost.exe,0.00,9,33.816,0.21,177,0,11550709,0
436,36.40695118904114,16248,chrome.exe,0.00,17,94.965,0.59,13034,9453,8814619,5415710
437,36.40695118904114,16140,chrome.exe,0.00,16,59.086,0.37,1018,815,500748,156688
438,36.40695118904114,16008,chrome.exe,0.00,17,95.020,0.59,29996,33183,10995438,61057466
439,36.40695118904114,15896,svchost.exe,0.00,6,16.176,0.1,17,17,1828,2456
440,36.40695118904114,15872,msedge.exe,0.00,8,11.188,0.07,21,15,1424,180
441,38.160996437072754,0,Total,31.38,8,0.008,0.0,0,0,0,0
442,38.160996437072754,4988,MsMpEng.exe,11.04,19,175.008,1.09,640020,10658,14342441435,420061775
443,38.160996437072754,18244,python.exe,9.36,17,89.504,0.56,1453,3,14682932,492
444,38.160996437072754,1356,SearchIndexer.exe,5.05,18,35.418,0.22,3181,2818,5753762,1465656
445,38.160996437072754,7572,explorer.exe,4.30,81,275.973,1.71,56448,668,86569534,685305
446,38.160996437072754,6508,Zoom.exe,1.89,76,359.914,2.23,4232,1616,69880307,216242
447,38.160996437072754,13512,svchost.exe,0.89,15,36.477,0.23,947,0,3882202,0
448,38.160996437072754,8692,powershell.exe,0.78,15,167.344,1.04,408,2,2724868,120
449,38.160996437072754,14816,audiodg.exe,0.45,9,60.359,0.37,4,0,11945,0
450,38.160996437072754,14988,conhost.exe,0.42,3,17.977,0.11,0,0,0,0
451,38.160996437072754,4672,SentinelAgent.exe,0.36,67,392.449,2.44,89672,397897,342683898,3872709956
452,38.160996437072754,17792,chrome.exe,0.00,18,170.703,1.06,17979,20166,13013007,9460402
453,38.160996437072754,17740,chrome.exe,0.00,17,108.387,0.67,9555,6628,9616530,4019170
454,38.160996437072754,17540,chrome.exe,0.00,16,51.184,0.32,2931,2869,2570204,2289368
455,38.160996437072754,17252,chrome.exe,0.00,17,46.828,0.29,3807,433,1803540,162632
456,38.160996437072754,17208,chrome.exe,0.00,17,82.320,0.51,2315,3069,1389524,3370018
457,38.160996437072754,16816,WmiPrvSE.exe,0.00,10,18.641,0.12,1,0,10599,0
458,38.160996437072754,16480,CptHost.exe,0.00,9,33.816,0.21,177,0,11550709,0
459,38.160996437072754,16248,chrome.exe,0.00,17,94.965,0.59,13034,9453,8814619,5415710
460,38.160996437072754,16140,chrome.exe,0.00,16,59.086,0.37,1018,815,500748,156688
461,38.160996437072754,16008,chrome.exe,0.00,17,95.020,0.59,29996,33183,10995438,61057466
462,39.89762091636658,0,Total,27.53,8,0.008,0.0,0,0,0,0
463,39.89762091636658,4988,MsMpEng.exe,9.18,19,175.047,1.09,640164,10658,14342442587,420061775
464,39.89762091636658,18244,python.exe,9.05,17,89.574,0.56,1453,3,14682932,492
465,39.89762091636658,6508,Zoom.exe,2.65,76,359.918,2.23,4232,1621,69880307,216384
466,39.89762091636658,13512,svchost.exe,0.86,15,35.082,0.22,947,0,3882202,0
467,39.89762091636658,1392,dwm.exe,0.55,15,112.434,0.7,146258,0,1534672,0
468,39.89762091636658,14816,audiodg.exe,0.42,9,60.359,0.37,4,0,11945,0
469,39.89762091636658,9540,svchost.exe,0.41,7,12.699,0.08,668,0,341192,0
470,39.89762091636658,4,System,0.26,265,13.520,0.08,1506,8433,229455803,562316335
471,39.89762091636658,17792,chrome.exe,0.00,18,170.703,1.06,17979,20166,13013007,9460402
472,39.89762091636658,17740,chrome.exe,0.00,17,108.387,0.67,9555,6628,9616530,4019170
473,39.89762091636658,17540,chrome.exe,0.00,16,51.184,0.32,2931,2869,2570204,2289368
474,39.89762091636658,17252,chrome.exe,0.00,17,46.828,0.29,3807,433,1803540,162632
475,39.89762091636658,17208,chrome.exe,0.00,17,82.270,0.51,2315,3069,1389524,3370018
476,39.89762091636658,16816,WmiPrvSE.exe,0.00,10,18.641,0.12,1,0,10599,0
477,39.89762091636658,16480,CptHost.exe,0.00,9,33.816,0.21,177,0,11550709,0
478,39.89762091636658,16248,chrome.exe,0.00,17,94.965,0.59,13034,9453,8814619,5415710
479,39.89762091636658,16140,chrome.exe,0.00,16,59.086,0.37,1018,815,500748,156688
480,39.89762091636658,16008,chrome.exe,0.00,17,95.020,0.59,29996,33183,10995438,61057466
481,39.89762091636658,15896,svchost.exe,0.00,6,16.176,0.1,17,17,1828,2456
482,39.89762091636658,15872,msedge.exe,0.00,8,11.188,0.07,21,15,1424,180
483,41.609846353530884,0,Total,28.45,8,0.008,0.0,0,0,0,0
484,41.609846353530884,18244,python.exe,9.49,17,89.578,0.56,1453,3,14682932,492
485,41.609846353530884,1356,SearchIndexer.exe,7.81,18,35.504,0.22,3181,2818,5753762,1465656
486,41.609846353530884,4988,MsMpEng.exe,3.92,19,175.090,1.09,640165,10658,14342442761,420061775
487,41.609846353530884,6508,Zoom.exe,2.21,76,359.922,2.23,4232,1625,69880307,216448
488,41.609846353530884,13512,svchost.exe,0.86,15,36.512,0.23,947,0,3882202,0
489,41.609846353530884,1248,svchost.exe,0.78,13,19.000,0.12,67,0,34304,0
490,41.609846353530884,1392,dwm.exe,0.26,15,112.434,0.7,146258,0,1534672,0
491,41.609846353530884,976,csrss.exe,0.25,13,4.848,0.03,278074,0,7326126,0
492,41.609846353530884,4,System,0.25,265,13.520,0.08,1506,8433,229455803,562316335
493,41.609846353530884,17792,chrome.exe,0.00,18,170.703,1.06,17979,20166,13013007,9460402
494,41.609846353530884,17740,chrome.exe,0.00,17,108.387,0.67,9555,6628,9616530,4019170
495,41.609846353530884,17540,chrome.exe,0.00,16,51.184,0.32,2931,2869,2570204,2289368
496,41.609846353530884,17252,chrome.exe,0.00,17,46.828,0.29,3807,433,1803540,162632
497,41.609846353530884,17208,chrome.exe,0.00,17,82.219,0.51,2315,3069,1389524,3370018
498,41.609846353530884,16816,WmiPrvSE.exe,0.00,10,18.641,0.12,1,0,10599,0
499,41.609846353530884,16480,CptHost.exe,0.00,9,33.816,0.21,177,0,11550709,0
500,41.609846353530884,16248,chrome.exe,0.00,17,94.965,0.59,13034,9453,8814619,5415710
501,41.609846353530884,16140,chrome.exe,0.00,16,59.086,0.37,1018,815,500748,156688
502,41.609846353530884,16008,chrome.exe,0.00,17,95.020,0.59,29996,33183,10995438,61057466
503,41.609846353530884,15896,svchost.exe,0.00,6,16.176,0.1,17,17,1828,2456
504,43.3616943359375,0,Total,28.56,8,0.008,0.0,0,0,0,0
505,43.3616943359375,18244,python.exe,9.36,17,89.586,0.56,1453,3,14682932,492
506,43.3616943359375,4988,MsMpEng.exe,5.89,19,175.195,1.09,640168,10658,14342447501,420061775
507,43.3616943359375,1356,SearchIndexer.exe,3.26,18,35.625,0.22,3181,2818,5753762,1465656
508,43.3616943359375,6508,Zoom.exe,2.27,76,359.926,2.23,4232,1629,69880307,216574
509,43.3616943359375,4,System,0.76,265,13.520,0.08,1506,8433,229455803,562316335
510,43.3616943359375,1392,dwm.exe,0.54,15,112.434,0.7,146258,0,1534672,0
511,43.3616943359375,13512,svchost.exe,0.42,15,36.512,0.23,947,0,3882202,0
512,43.3616943359375,14816,audiodg.exe,0.41,9,60.359,0.37,4,0,11945,0
513,43.3616943359375,1248,svchost.exe,0.26,13,18.973,0.12,67,0,34304,0
514,43.3616943359375,17792,chrome.exe,0.00,18,170.707,1.06,17981,20168,13013247,9461698
515,43.3616943359375,17740,chrome.exe,0.00,17,108.387,0.67,9555,6628,9616530,4019170
516,43.3616943359375,17540,chrome.exe,0.00,16,51.184,0.32,2931,2869,2570204,2289368
517,43.3616943359375,17252,chrome.exe,0.00,17,46.828,0.29,3807,433,1803540,162632
518,43.3616943359375,17208,chrome.exe,0.00,17,81.988,0.51,2315,3069,1389524,3370018
519,43.3616943359375,16816,WmiPrvSE.exe,0.00,10,18.641,0.12,1,0,10599,0
520,43.3616943359375,16480,CptHost.exe,0.00,9,33.816,0.21,177,0,11550709,0
521,43.3616943359375,16248,chrome.exe,0.00,17,94.965,0.59,13034,9453,8814619,5415710
522,43.3616943359375,16140,chrome.exe,0.00,16,59.086,0.37,1018,815,500748,156688
523,43.3616943359375,16008,chrome.exe,0.00,17,95.020,0.59,29996,33183,10995438,61057466
524,43.3616943359375,15896,svchost.exe,0.00,6,16.176,0.1,17,17,1828,2456
525,45.10942482948303,0,Total,30.21,8,0.008,0.0,0,0,0,0
526,45.10942482948303,18244,python.exe,9.84,17,89.594,0.56,1453,3,14682932,492
527,45.10942482948303,1356,SearchIndexer.exe,7.19,18,35.820,0.22,3181,2818,5753762,1465656
528,45.10942482948303,4988,MsMpEng.exe,4.78,20,171.852,1.07,640204,10667,14343585501,420072899
529,45.10942482948303,6508,Zoom.exe,2.27,76,359.930,2.23,4232,1632,69880307,216622
530,45.10942482948303,1392,dwm.exe,0.81,15,112.434,0.7,146258,0,1534672,0
531,45.10942482948303,4,System,0.76,265,13.520,0.08,1506,8433,229455803,562316335
532,45.10942482948303,4672,SentinelAgent.exe,0.71,65,392.578,2.44,89672,397947,342683898,3872922427
533,45.10942482948303,1248,svchost.exe,0.53,13,18.996,0.12,67,0,34304,0
534,45.10942482948303,13560,Zoom.exe,0.42,34,176.094,1.09,6167,316,71176247,178620
535,45.10942482948303,13512,svchost.exe,0.42,15,36.512,0.23,947,0,3882202,0
536,45.10942482948303,17792,chrome.exe,0.00,18,170.707,1.06,17988,20175,13014127,9462858
537,45.10942482948303,17740,chrome.exe,0.00,17,108.387,0.67,9555,6628,9616530,4019170
538,45.10942482948303,17540,chrome.exe,0.00,16,51.184,0.32,2931,2869,2570204,2289368
539,45.10942482948303,17252,chrome.exe,0.00,17,46.828,0.29,3807,433,1803540,162632
540,45.10942482948303,17208,chrome.exe,0.00,17,81.754,0.51,2315,3069,1389524,3370018
541,45.10942482948303,16816,WmiPrvSE.exe,0.00,8,18.547,0.12,1,0,10599,0
542,45.10942482948303,16480,CptHost.exe,0.00,9,33.816,0.21,177,0,11550709,0
543,45.10942482948303,16248,chrome.exe,0.00,17,94.965,0.59,13034,9453,8814619,5415710
544,45.10942482948303,16140,chrome.exe,0.00,16,59.086,0.37,1018,815,500748,156688
545,45.10942482948303,16008,chrome.exe,0.00,17,95.020,0.59,29996,33183,10995438,61057466
