<Event xmlns='http://schemas.microsoft.com/win/2004/08/events/event'><System><Provider Name='Microsoft-Windows-Sysmon' Guid='{5770385f-c22a-43e0-bf4c-06f5698ffbd9}'/><EventID>3</EventID><Version>5</Version><Level>4</Level><Task>3</Task><Opcode>0</Opcode><Keywords>0x8000000000000000</Keywords><TimeCreated SystemTime='2023-06-22T05:24:41.3285278Z'/><EventRecordID>625802</EventRecordID><Correlation/><Execution ProcessID='4184' ThreadID='29996'/><Channel>Microsoft-Windows-Sysmon/Operational</Channel><Computer>dt-o2.auth.ad.bgu.ac.il</Computer><Security UserID='S-1-5-18'/></System><EventData><Data Name='RuleName'>-</Data><Data Name='UtcTime'>2023-06-22 05:24:33.087</Data><Data Name='ProcessGuid'>{d7f7c06d-79ef-6481-ab02-000000001e00}</Data><Data Name='ProcessId'>18696</Data><Data Name='Image'>C:\Program Files\Microsoft Office\root\Office16\EXCEL.EXE</Data><Data Name='User'>BGU-USERS\salitsl</Data><Data Name='Protocol'>tcp</Data><Data Name='Initiated'>true</Data><Data Name='SourceIsIpv6'>false</Data><Data Name='SourceIp'>132.72.80.91</Data><Data Name='SourceHostname'>dt-o2.auth.ad.bgu.ac.il</Data><Data Name='SourcePort'>54076</Data><Data Name='SourcePortName'>-</Data><Data Name='DestinationIsIpv6'>false</Data><Data Name='DestinationIp'>40.99.151.146</Data><Data Name='DestinationHostname'>-</Data><Data Name='DestinationPort'>443</Data><Data Name='DestinationPortName'>https</Data></EventData></Event>